empresa,cargo,descritivo,skill
Deloite,AC,"Consultor(a) no time Business Agility no business da Consultoria Empresarial Aqui você terá a oportunidade ser protagonista sua carreira gerar impactos transformações positivas seu redor Na sua rotina você irá:
 
 Incentivar a adesão das pessoas ao mindset ágil seja qual for a prática (Scrum ou Kanban) que faça sentido para negócio do cliente 
 Nortear os times Scrum Kanban 
 Participar das cerimônias junto time ágil 
 Remover os impedimentos do time 
 Participar junto ao time dos diagnósticos avaliando cenário maturidade envolvendo processos pessoas ferramentas através métricas 
 Compartilhar conhecimentos atuando para que a as áreas pessoas trabalhem forma colaborativa 
 Incentivar a adesão das pessoas nas práticas ágeis 
 Exercer papel facilitador quando necessário entre as partes interessadas 
 Promover workshops dojos jogos para os times melhoria contínua por meio técnicas gamification no momento adequado 
 Apoiar os times nos modelos desenvolvimento (Kanban Scrum) 
 Apoiar time sua autoavaliação maturidade através da utilização do radar ágil 
 Divulgar as informações relativas às métricas satisfação do cliente maturidade produtividade (ratificação) ","Kanban
 Collaborative Environment
 
 
 Easily Adaptable
 
 
 Makeovers
 
 
 Management Consulting
 
 
 Radar
 
 
 Self Assessment
 
 
 Social Services
 
 
 Spare Automotive Parts
 
 
 Telemedicine"
B3,AC,"Principais responsabilidades:
 Experiência como Scrum Master Agile Master ou Service Delivery 
 Experiência na aplicação metodologias ágeis para projetos tecnologia 
 Habilidade para identificar resolver problemas complexos 
 Experiência ferramentas gestão ágil projetos tecnologia (e g JIRA Confluence 
 Implementação métricas Discovery delivery junto aos times bem como apoio na análise construção dashboards entendimento do time melhoria contínua 
 Estimular a auto-organização do time 
 Ser um facilitador do time para remoção impedimentos trâmites áreas cross 
 
 que esperamos você:
 Ter a formação completa 
 Ter conhecimento Kanban 
 Ter conhecimento Scrum 
 Ter conhecimento Jira 
 Ter conhecimento Safe 
 Ter conhecimento Métricas 
 Ter conhecimento Visão sistêmica 
 Ter conhecimento Fluxo Entrega continua 
 Ter inglês a partir do nível Básico 
 
 Será um diferencial você conhecer sobre:
 Nexus 
 Less 
 Team Topologies 
 PDCA 
 Easi BI 
 Especialização Agilidade (Desejável) 
 Certificações: KSD PSM Safe Agilist (Desejável) ","Agile Project Management
 Dashboards
 Jira
 Kanban
 LESS (Stylesheet Language)
 
 
 Nexus
 
 
 PDCA Cycle
 
 
 PSM
 
 
 Service Delivery
 
 
 User Acceptance Testing"
Foursys,SM,"Responsabilidades Atribuições
 
 
 Ter liderado pessoas produtos gerindo todo seu ciclo vida 
 Especialização no fluxo trabalho 
 Vivência como Agile Scrum Master atuando atividades operacionais do dia a dia 
 Entendimento visão baseada métricas indicadores 
 Vivência como facilitador ideações produtos 
 
 Conhecimento Técnico
 
 
 Conhecimento Gestão Projetos (Waterfall + Ágil) 
 Experiência transformação digital Hands On 
 Diferencial já ter atuado métrica negociações prazos 
 OKR User Story Mapping Lean Inception PPB Scrum SAFe Kanban Lean Jira Swit io Trello Design Sprint Design Thinking Miro Mura 
 
 Certificações
 
 
 Desejável Certificação Scrum Master 
 
 Formação Acadêmica
 
 
 Superior completo ","Design Thinking
 Kanban
 Negotiation
 Project Management
 Scrum
 Courses
 
 
 Fostering inclusivity
 
 
 Instruction
 
 
 Metrics
 
 
 Trello"
F1rst,SM,"Garantir que time entenda a essência cada cerimonia seus resultados 
 
 Garantir que todas as cerimonias sejam realizadas 
 
 Participar todas as cerimonias 
 
 Provocar sentimento dono no time 
 
 Identificar capacity do time 
 
 Histórias
 
 Garantir histórias INVEST entendimento do time 
 
 Os nomes das historias devem ser claros padronizados Ex: “[Vinculo PF no PJ] – Gerenciador usuários” 
 
 Historias não devem ser clonadas não podem possuir conteúdo duplicado 
 
 Backlog (Em conjunto PO)
 
 Manter backlog atualizado 
 
 Manter backlog priorizado 
 
 Garantir que existam histórias prontas para próximo refinamento 
 
 Garantir que existam historias DOR para atender a capacidade do time na próxima Sprint 
 
 DOR
 
 Garantir a existência do DOR
 
 Mantê-lo atualizado 
 
 Garantir que time conheça DOR
 
 Refinamento
 
 Ancora
 
 Garantir que time tenha a Ancora 
 
 Garantir entendimento da Ancora pode todos do time 
 
 Revisa-la tempos tempos 
 
 Participação efetiva
 
 Garantir que time tire todas as dúvida sobre a história 
 
 Para que a historia esteja no status refinada não podem haver dúvidas quanto a mesma 
 
 Pontuação
 
 Utilizar planning poker 
 
 Garantir que todos do time tem mesmo entendimento da história (Mesmo que integrante não vá participar do desenvolvimento) 
 
 DOR
 
 Utilizar DOR como checklist garantir que todos os pontos foram atendidos 
 
 Planejamento
 
 Não planejar histórias sem DOR 
 
 Caso necessário rodar novamente planning poker 
 
 Os post-its devem ser escritos durante planejamento 
 
 A tarefas devem ser inseridas no Jira durante planejamento 
 
 Para não ficar muito trabalhoso para cada história 1 integrante escreve os post-its outro integrante insere as tarefas no Jira na próxima história passar a tarefa para outros 2 integrantes 
 
 Imediatamente após fim do planejamento iniciar a Sprint no Jira ","Scrum
 History
 
 
 Operating Systems
 
 
 Planning
 
 
 Poker
 
 
 Punctuation
 
 
 TEM"
F1rst,AC,"Formação TI Engenharia da Computação Ciências da Computação ou áreas correlatas
 
 Conhecimentos sólidos na área Gestão Projetos ou Desenvolvimento Sistemas
 Experiência como Agile Coach por pelo menos 2 anos (usando frameworks escalados Scrum Kanban técnicas ágeis)
 Atuação como Scrum Master Agile Master ou Service Delivery Manager por pelo menos 4 anos
 Pelo menos uma das seguintes certificações: PSM I ou II PSPO I ou II (da Scrum org) Inglês básico (oral escrita leitura) 
 
 Atividades Desafios:
 
 Atuar como Agile Coach Specialist das tribos do ágil escalado para ser um agente transformação
 Definir estratégia (o quê porquê)
 Suportar a elaboração requisitos negócios
 Estabelecer escopo iniciativas transformação
 Instruir elaboração business case
 Desenvolver padrões requisitos para as práticas ágeis
 Integrar as práticas ágeis aos demais métodos utilizados pelo banco
 Participar ativamente da melhoria continua dos processos gestão projetos produto desenvolvimento funcionalidades release software
 Liderar pelo exemplo boas práticas
 Treinar os times nas práticas ágeis
 Mentorar conduzir os times na implementação uso das práticas ágeis
 Apoiar a facilitação sessões brainstorming planning refinamentos retrospectivas inception outras cerimônias
 Ajudar os times a navegar pelas ferramentas softwares ágeis
 Promover autogestão ajudar os times a se comunicar forma eficaz apoiar na resolução conflitos
 Direcionar suportar os times no dia a dia
 Capacidade gestão fornecedores parceiros
 Promover um ambiente cultura melhoria contínua experimentação inovação
 Incentivar disseminar a cultura ágil no indivíduo no time na empresa partes interessadas
 
 Requisitos Desejáveis
 
 Experiência usando Jira aplicando JQLs
 Conhecimento utilização do Confluence para documentações
 Experiência na condução Coach Mentoring Facilitação Capacitação
 Experiência na proposta soluções end-to-end Negócio TI
 Atuação Mercado Financeiro
 Experiência temas complementares (desejáveis): design thinking lean inception
 Desejável experiência gestão mudanças","Agile Methodologies
 Design Thinking
 Kanban
 Lean Processes
 Business Case Preparation
 
 
 Confluence
 
 
 PSM
 
 
 Process Safety Management
 
 
 Scaled Agile Framework
 
 
 Service Delivery"
Wipro,SM,"Controlar alocar tarefas entre os times desenvolvimento Gerenciar problemas dependências entre projetos (Scrum Master Product Owner) Elaborar propostas para melhoria continua processos Gerenciar riscos do projeto Apoiar no planejamento das sprints demos retrospectiva Gerenciar a expectativa do backLog projetos Product Owner Criar escalas variáveis para time no atendimento projetos Remover impedimentos para progresso do desenvolvimento Facilitar potencializar ao máximo trabalho das equipes deve sempre manter a colaboração a comunicação entre os outros papéis utilizando todo seu conhecimento Scrum Atuar no controle estudo elaboração projetos Agile controlando prazos entregas acompanhamento alinhamento das atividades Acompanhar desenvolvimento projetos participar reuniões definição 
 
 
 
 
 
 Requisitos:
 
 
 Experiência conhecimento na implementação processos ágeis na criação modelo híbridos desenvolvimento sistemas (Cascata Ágil) Análise Sistemas Boa gestão das relações interpessoais capacidade trabalhar equipe Conhecimento investimento no mercado financeiro Experiência conhecimento na implementação processos ágeis Experiência na Criação Transição modelo híbridos desenvolvimento sistemas (Cascata Ágil) Gerenciamento Problemas dependências entre projetos (Scrum Master Product Owner) Experiência ferramentas ágeis (Prototipação Kanban JIRA BitBucket Git) Experiência cerimônias do Scrum (Daily Meeting Sprint Planning Retrospectiva) Conhecimento no processo DevSecOps treinamento ou certificação Scrum Master ","Communication
 Jira
 Scrum
 Analytical Skills
 
 
 Interpersonal Relationships
 
 
 Problem Management
 
 
 Process Implementation
 
 
 Project Development
 
 
 Sprint Planning
 
 
 Teamwork"
Certsys,AC,"Treinar equipes desenvolvimento no framework scrum ou framework ageis 
 Facilitar cerimonias do scrum tais: sprint planning retrospectiva sprint review 
 Realizar coach os membros do time para aumentar potencial dos mesmos 
 Resolver impedimentos dos projetos (ausência do PO cultura da empresa tudo que impede autogerenciamento do time) 
 Mentoria dos Times práticas engenharia software arquitetura software tais: Devops clear code BDD TDD Testes automatizados CI CD 
 Demonstrar para cliente do projeto que é scrum suas práticas 
 Ajudar Product Owner a criar backlog valor para cliente 
 Ajudar a organização na contratação treinamento pessoas para os projetos 
 Ajudar ensinar time desenvolvimento a ser autogerenciado 
 
 :
 
 Do que você precisa:
 
 
 Desejável Ensino Superior completo(a) Ciência da Computação Sistemas Informação Engenharia Sistemas ou Similares 
 Método Ágil (conhecimento Scrum Kanban SAFe) 
 Dashboards Gestão por Indicadores Métricas Ágeis 
 Dados para tomada decisão 
 Processos Ferramentas (Jira) 
 Coach do time 
 
 Será um diferencial legal se você também tiver conhecimento:
 
 
 Lean Agile 
 Value Stream Mapping 
 Gestão Riscos 
 Ferramentas Discovery 
 MGM 3 0 
 Gestão Projetos ","Coaching
 Project Management
 Scrum
 Value Stream Mapping
 Computer Science
 
 
 Decision-Making
 
 
 Engineering
 
 
 Microsoft Office
 
 
 Software Architecture
 
 
 Systems Engineering"
Thomson,SM,"Manages implements external internal tools applications 
 Reviews edits requirements specifications business processes recommendations related to proposed solution 
 Assists with research development of functional specification system design as directed 
 Provides wider feedback as requested 
 Researches analyzes resolves problems issues with minimal supervision escalate issues as appropriate 
 Develops implements large or complex projects solutions 
 Works on multiple projects with varying levels of complexity 
 Manages own resources in accordance with project schedule 
 Generates monthly quarterly reports for trackable metrics 
 Regularly communicates shares knowledge with the rest of the team department 
 Participates in team client meetings as requested 
 Delivers informative well-organized presentations 
 Completes work within department company industry standards methodologies policies 
 Consistently delivers high-quality services to clients 
 Assists in establishing new processes procedures 
 Assist in preparing presentations for control owners management 
 
 About You
 
 Bachelor s Degree or diploma
 Demonstrable 5-8 years hands-on experienced with Scrum Kanban methodologie
 Good interpersonal skills ability work with a mentor servant-leader mindset Former experience as a project manager knowledge of software development processes procedures to understand team needs
 Experience as Scrum Master in Fintechs credit startups
 Experience providing facilitation situational awareness conflict resolution continual improvement team empowerment motivational techniques regarding Agile Scrum Kanban
 Must be a certified Scrum Master holding either a PSM or CSM
 Experience managing expectations building trusting relationships partnerships
 Ability to balance several projects across more than one team
 Excellent verbal written communication skills
 
 Desired Skills:
 
 Be an energetic self-starter who is comfortable in a team-oriented environment including the ability to clearly articulate daily individual accomplishments blocking issues 
 Demonstrated history of excellent analytical problem-solving skills 
 Demonstrated history of good decision-making conflict resolution follow through","Facilitation
 Kanban
 Problem Solving
 Business Process
 
 
 Conflict Resolution
 
 
 Interpersonal Communication
 
 
 Interpersonal Skills
 
 
 Situational Awareness
 
 
 Trusting Relationships
 
 
 Written Communication"
Tec2Cloud,SM,"Experiência empresas Telecom
Liderar as equipes desenvolvimento auto-organização
Experiência atuação Squad multidisciplinar
Garantir que todas as histórias usuários tarefas sejam criadas na ferramenta oficial da empresa no backlog priorização auxílio do product owner
Manter Projetos Equipes Quadros para cadências sprint
Relatar progresso da equipe usando indicadores (gráfico Burndown diagrama fluxo cumulativo por exemplo)
Liderar facilitar stand-ups diários sessões refinamento backlog sessões planejamento sprint retrospectivas todo time
Delegar tarefas forma adequada garantir que as tarefas corretas estejam sendo trabalhadas que a equipe esteja totalmente implantada não ociosa
Ajudar a equipe a concordar que pode ser alcançado durante cada sprint desenvolvimento
Remover dimensionar impedimentos
Apoiar os proprietários produtos fornecer educação quando necessário
Projetar implementar monitorar progresso desempenho ajudar as equipes a fazer melhorias
Trabalhar conjunto vários Product Owners gerenciando várias equipes ágeis","Agile Project Management
Kanban
Scrum
Software Project Management
User Stories
Diagram Design

 
Flow Diagrams

 
Retrospectives

 
Telecommunications

 
User Acceptance Testing"
RABOBANCK,SM,"facilitate the (Agile Safe Scrum) ceremonies conceptions inceptions on the Area level Show exemplary behavior of the Agile culture
align prioritize (aligned with Product Owner deadlines) remove impediments of the (cross) activities among different Squads (backlog that depends on more than one Squad to be delivered)
assess the Agile level of maturity of the Squads to propose track actions of improvement
foster the use of (productivity efficiency effectiveness) metrics (e g Cycle Time Lead Time Throughput WIP) within the Squads for learning continuous improvement
provide coaching on Agile practices mindset to all Squad members building guarding an Agile culture of continuous improvement feedback
ensure Squads take ownership of both their delivery objectives as well as their Agile Journey practices mindset
to participate contribute to (internal) Global (Scrum Coaches) Agile communities representing Brazil South America region 
The Scrums of the Squads will not have an hierarchal administrative report to the Area Scrum just a functional report 

Knowledge Agile Experience:

Agile Expert with solid knowledge of agile management practices such as: Kanban Scrum Scaled Agile Framework (SAFe) Demonstrable +3 years of experience in Agile methods
Knowledge in Product Discovery Mapping MVP techniques such as Lean Inception Design Thinking Design Sprint
Good skills in facilitating meetings ceremonies
Knowledge of efficiency effectiveness metrics
Experience with tools like MS Azure DevOps Project MS PowerBI Power Apps Mural
Willingness ability to talk to Management Team
Must have a Scrum Master certification (PSM or CSM)
Bachelor s Degree 

Individual Skills:

Analytical problem-solving thinking
Excellent Communication storytelling
Negotiation conflict management
Team Engagement skills identification
Fluent in English 

Preferable differentials:

Other Agile certifications (KMP FLSA SAFe PSPO I PSPO II)
Experience building Highly Performing Team
Knowledge in implementing facilitating OKRs
Knowledge of engineering (CI CD DevOps TDD) security (code binary scanning) best practices
Working experience in Financial Services Industry
Bachelor in Computer Science Administration or Engineering ”","Design Thinking
Kanban
Problem Solving
Scrum
CSM

 
Cherwell Service Management (CSM)

 
PSM

 
Process Safety Management

 
Product Discovery

 
Scaled Agile Framework"
TATA,SM,"Nível inglês: básico


Deve ter:


Exibe os comportamentos um líder Lean-Agile uma mentalidade Lean-Agile


Jira Gitlab ","Jira
Lean Processes
Scrum
Freight

 
Gitlab

 
Lean Training

 
Operating Systems

 
Remote Control"
CIELO,AE,"Atuação como líder facilitador grandes projetos
Vivência times multidisciplinares
Utilização metodologias ágeis no framework processos Scrum Kanban formação squads na área logística
Apoio ao PO no planejamento dos lançamentos
Eliminação obstáculos impedimentos
Monitoramento riscos
Geração da mentalidade ágil nas equipes por meio conversas coaching exercícios role play 

Requirements Qualifications

Para se inscrever a essa vaga você precisa:
Experiência como Agilie Expert Agile Coach Scrum Master
Domínio Scrum Kanban
Ferramentas: Jira Confluence Miro
Formação: Superior Administração Engenharia Economia Supply Chain Logística entre outras áreas correlatas 

Esperamos Encontrar No Seu Perfil
Protagonismo
Auto motivação
Hands on
Visão sistêmica
Capacidade mobilização
Habilidades no trabalho equipe ","Coaching
Communication
Negotiation
Analytical Skills"
VOLKSWAGEN,AC,"Atuar como líder squads times trabalho para projetos estratégicos da Companhia
Ser embaixador da Transformação Ágil níveis estratégicos com: líderes organização estrutura cultura
Disseminar a cultura melhoria contínua intraempreendedorimos agile mindset
Guiar apoiar time a aplicar eficácia as práticas métodos frameworks ágeis atingir as expectativas dos stakeholders
Definir as melhores referências para modelo ágil trabalho (framework boas práticas)
Reportar avanço dos projetos atingimento dos objetivos (OKRs) para Board 



Superior Completo
Certificação metodologias ágeis (Scrum Kanban Design Thinkign etc )
Inglês Fluente Obrigatório (item eliminatório)
Experiência mentoria para os times para assim facilitar entendimento do processo que será seguido por todos
Ter facilidade para realizar cerimônias eventos time
Experiência atuando camadas estratégicas táticas
Possuir vivências anteriores projetos ágeis
Experiência promover apoiar a formação das squads tribos comunidades desde a criação até sua independência
Ser um agente mudanças suportando encorajando a transformação cultural da liderança da organização
Experiência metodologias: design thinking OKR Lean Inception SCRUM Design Sprint ","Agile Project Management
Coaching
Design Thinking
Lean Processes
Objectives Key Results (OKRs)
Product Management
Team Management"
SANKHYA,AC,"Estamos um desafio incrível para Agile Master no time agilistas para facilitar cerimônias remover impedimentos durante a entrega da sprint fazer gestão conflitos disseminar a cultura ágil nas squads Tudo isso muita autonomia liberdade para criar metodologias frameworks que potencializem a performance 


Nosso Tech Team é um dos times chaves que fazem acontecer dentro da Sankhya Por causa desta galera cheia criatividade muita sede desenvolvimento (literalmente) oferecemos cada dia mais um software completo interativo que guia nossos clientes muita inovação gestão inteligente!


Aqui na Sankhya buscamos novas formas solução que sejam menos complexas autênticas únicas isso queremos pessoas que desejem crescer a cada dia junto a empresa ajudando a gente a construir cada vez mais um ambiente diverso crescimento acelerado 


Topa desafio?

 wewantyou


RESPONSABILIDADES ATRIBUIÇÕES


Ensinar disseminar praticar a cultura ágil para os times 
Organizar facilitar as cerimônias os ritos ágeis (Scrum Kanban etc ) 
Remover obstáculos impedimentos que possam atrapalhar andamento do trabalho do time inclusive questões conflitantes analisando causa raiz 
Facilitar a comunicação a troca informações entre todos os membros do time 
Dar suporte aos times para desenvolvimento amadurecimento dos novos papéis responsabilidades 
Suportar Product Owner na gestão do backlog na maximização do valor do produto 
Auxiliar Product Owner na transcrição itens claros fácil entendimento para time 
Orientar os times no processo transformação para mindset ágil garantindo a evolução do mesmo 
Desenvolver a transparência das atividades do time por meio gestão visual 
Identificar oportunidades melhoria eficiência produtividade do time 
Criar implementar acompanhar tornar acessíveis os indicadores do time 
Acompanhar time utilizando métricas (CFD – Cumulative Flow Diagram Burn down Burnup Lead Time Cycle Time) 




Conhecimento experiência trabalho frameworks métodos ágeis
Conhecimento sobre Ciclos Vida Desenvolvimento Software
Experiência na melhoria processos práticas desenvolvimento software para otimizar a entrega valor ao negócio
Poder influência boas capacidades persuasão
Facilidade escutar se posicionar
Boa capacidade comunicação senso crítico
Comprometimento
Senso urgência
Ser adaptável resiliente frente às situações mudanças
Boa capacidade condução reuniões cerimônias
Ter curiosidade gostar explorar novas metodologias tecnologias 

DIFERENCIAIS


Experiência prévia como Scrum Master Agile Master ou Agile Coach
Certificação Scrum Master (CSM ou PSMI) ou Kanban (KMP I)
Certificações conhecimento metodologias ágeis frameworks correlatos (Lean Kanban KMP SAFe XP) ","Agile Methodologies
Communication
Conflict Management
Kanban
Problem Solving
Project Management
Scrum
Software Development
Conducting Meetings

 
Persuasion"
YARA,SM,"Work within product teams alongside the product owner a cross-functioning team to create engaging user-centric solutions applications or services that solve the needs of professional farming communities around the world 
Lead the adoption of agile values principles - support agile framework including sprint ceremonies (stand-ups demos retrospectives) road-mapping release planning backlog management (definition prioritization) sizing story estimation for the team 
Assessing the Scrum maturity of the team coaching the team to higher levels of maturity continuously sustainably 
Transform impediments into opportunities 
Providing support to the team with a servant leadership style leading by example 

Perfil | Formação conhecimentos

Bachelor s degree in a relevant field (e g Computer Science Engineering Business) re-quired 

Advanced English (C1-C2)

Demonstrated ability to collaborate effectively with internal external stakeholders 

Prior experience as a Scrum Master in a Scrum (preferred) or agile team 

Good skills knowledge of servant leadership facilitation situational awareness conflict resolution continual improvement empowerment increasing transparency 

Experience in running organizing workshops training sessions will be a plus 

Agile certifications in SAFe CSM CSP PSM PPO or PMI-ACP will be a plus 
","Agile Project Management
Backlog Management
Coaching
Facilitation
Conflict Resolution

 
Retrospectives

 
Servant Leadership

 
Situational Awareness

 
Transparency

 
User Acceptance Testing"
AVANTI,SM,Principais responsabilidades: Implementação orquestra metodologia ágil (Scrum) um player Implementação cultura ágil um time (Squad) Definição papeis Definição ferramenta Aplicação cerimônias Orquestra gestão manutenção guardião papeis cerimônias da atuação ágil (Scrum) Requisitos Skills: Experiências anteriores comprovadas atuação gestão projetos ágil definição clareza papeis dentro do Scrum orquestra gerenciamento atuação do time Conhecimento sólido metodologia ágil / Scrum Preferência por ter certificação Scrum Master Conhecimento ferramentas gestão ágil (Ex JIRA) Experiência validada mais um local atuação Capacidade implementar KPI s mensuração performance (Gráfico Burndown por exemplo) ,-
TAKING,SM,"Planejar organizar facilitar as cerimônias do Scrum como sprint planning daily stand-up sprint review sprint retrospective 

- Acompanhar monitorar progresso das sprints utilizando ferramentas como burndown chart velocity backlog 

- Apoiar Product Owner na definição priorização das histórias usuário garantindo que elas sejam claras testáveis alinhadas os objetivos do projeto 

- Orientar motivar as equipes ágeis estimulando a auto-organização a colaboração a entrega valor 

- Identificar resolver conflitos impedimentos riscos que possam afetar desempenho das equipes ou a qualidade dos produtos 

- Promover a comunicação efetiva entre as equipes ágeis as demais partes interessadas do projeto como clientes usuários stakeholders 

- Buscar constantemente oportunidades aprendizado melhoria tanto para si mesmo quanto para as equipes ágeis 

- Formação superior áreas relacionadas à tecnologia da informação gestão projetos ou afins 

- Certificação Scrum ou outras metodologias ágeis reconhecidas pelo mercado 

- Experiência comprovada como Scrum Master projetos desenvolvimento software 

- Conhecimento das ferramentas técnicas utilizadas no gerenciamento ágil projetos como Jira Trello Kanban etc 

- Habilidade liderança comunicação negociação resolução problemas 

- Capacidade adaptação flexibilidade inovação diante cenários complexos dinâmicos 


Inglês - Avançado","Communication
Continuous Improvement
Scrum
Ceremonies

 
Conflict Resolution

 
Cooperation

 
Optimization

 
Spare Automotive Parts

 
Sprint Planning

 
Sprints"
COODESH,AGILISTA," Metodologias ágeis
 Conhecimento métricas engenharia beckend frontend mobile QA DevOps
 Geração relatórios
 Conhecimento Jira Azure",-
TEC2CLOUD,SM,"Experiência empresas Telecom
Liderar as equipes desenvolvimento auto-organização 
Experiência atuação Squad multidisciplinar 
Garantir que todas as histórias usuários tarefas sejam criadas na ferramenta oficial da empresa no backlog priorização auxílio do product owner 
Manter Projetos/Equipes/Quadros para cadências sprint 
Relatar progresso da equipe usando indicadores (gráfico Burndown diagrama fluxo cumulativo por exemplo) 
Liderar facilitar stand-ups diários sessões refinamento backlog sessões planejamento sprint retrospectivas todo time 
Delegar tarefas forma adequada garantir que as tarefas corretas estejam sendo trabalhadas que a equipe esteja totalmente implantada não ociosa 
Ajudar a equipe a concordar que pode ser alcançado durante cada sprint desenvolvimento 
Remover dimensionar impedimentos 
Apoiar os proprietários produtos fornecer educação quando necessário 
Projetar implementar monitorar progresso desempenho ajudar as equipes a fazer melhorias 
Trabalhar conjunto vários Product Owners gerenciando várias equipes ágeis","Agile Project Management
Kanban
Scrum
Software Project Management
User Stories
Diagram Design

 
Flow Diagrams

 
Retrospectives

 
Telecommunications

 
User Acceptance Testing"
GLOBO,AC,"Implementação métodos ágeis diferentes cenários 
Ser um agente changes provocando constantemente a evolução da cultura 
Estimular aprendizado dinâmicas internas como workshops reuniões treinamentos 
Facilitar cerimônias do Scrum / ou Kanban (diário revisão retrospectivas planejamento reabastecimento refinamentos) 
Acompanhar os times olhar melhoria processos do dia a dia além na comunicação outros times do grupo 
Análise motivacional da equipe resolução conflitos informações feedbacks 
Atuação na remoção impedimentos remoção POs Stakeholders demais envolvidos 
Levantamento acompanhamento métricas desempenho do tempo 
Garantir melhor ambiente possível para as pessoas no projeto 
Garantir que todas as necessidades tecnologia (infra plataforma etc ) selecionadas mapeadas que sejam providenciadas a tempo 
Facilitar cerimônias do planejamento trimestral junto às equipes tecnologia negócio (planejamento trimestre construção OKRs revisão estratégia entre outros) 

Requirements Qualifications

Do que você precisa:

Ter como experiências coaching mentoring times multidisciplinares na aplicação métodos ágeis práticas Kanban Scrum na aplicação técnicas facilitação dinâmicas 
Experiência mediação conflitos 
Ter sólidos conhecimentos experiência na área desenvolvimento software para debates tempo 

Conhecimentos que te destacam:

Management 3 0 
Ecossistema Apple Google 
Product Discovery 
Agilidade Negócios 
Flight Levels ","Agile Project Management
Coaching
Kanban
Project Management Office (PMO)
Team Management
Unified Modeling Language (UML)
Point of Sale (POS) Systems

 
Product Discovery

 
Scaled Agile Framework

 
Workshops"
PRIME UP,AC,"Metodologias Ágeis: é fundamental possuir um profundo conhecimento compreensão das metodologias frameworks ágeis como Scrum Kanban Lean XP (Extreme Programming) outras Você deve ser capaz orientar equipes organizações na implementação efetiva dessas metodologias adaptá-las às suas necessidades específicas 
Facilitação Treinamento: deve ser um facilitador habilidoso ter a capacidade conduzir sessões treinamento workshops para equipes ágeis Isso inclui habilidades facilitação reuniões resolução conflitos comunicação eficaz assertiva 
Ferramentas Ágeis: você deve estar familiarizado as ferramentas softwares usados no gerenciamento ágil projetos Isso pode incluir ferramentas quadro kanban como JIRA ferramentas rastreamento problemas sistemas integração contínua outras ferramentas relacionadas ao desenvolvimento ágil software 
Liderança Mentoria: é necessário ter habilidades sólidas liderança incluindo a capacidade motivar capacitar orientar equipes indivíduos para alcançar seus objetivos maximizar seu potencial 
Melhoria Contínua: deve ter uma compreensão profunda práticas melhoria contínua como retrospectivas ágeis análise valor agregado análise fluxo valor outras técnicas identificação eliminação desperdícios Essas habilidades são essenciais para ajudar as equipes a identificar áreas melhoria implementar mudanças incrementais ao longo do tempo 


Será bacana se você também tiver:


Inglês avançado 
Certificações Scrum como: PSM-I PSPO-I CSM CSPO 
Certificações avançadas Scrum como: PSM-II PSPO-II ACSMe ACSPO 
Certificações Lean Kanban como: KMP 
Certificação Leading SAFe ","Kanban
Lean Processes
CSM

 
CSPO

 
Cherwell Service Management (CSM)

 
Extreme Programming

 
PSM

 
Process Safety Management

 
Scaled Agile Framework

 
Workshops"
MOOVEN,AC,"Transformação Ágil para times Negócios 
Planejamento Facilitação Workshop Treinamentos 
Agente mudanças práticas dentro clientes 
Medição maturidade ágil dentro clientes 
Compreensão apoio na definição contrução OKRs 
Aplicação adaptação ferramentas ágeis para realidade do negócio (ex: Scrum Kanban OKR Design Thinking) 
Desenho fluxos trabalho (upstream downstream) times 
Desenvolvimento squads foco cliente 
Facilitação times quanto a práticas ágeis 
Gestão iniciativas atividades foco resultados 
Contribuição para redução solução impedimentos 
Uso dados estatísticos métricas para melhorar os fluxos trabalho melhorar a eficiência dos times 
Coaching & Mentoring do time agilistas 
Planejamento Estratégico Produtos Governança Ágil 
Imprescindível Inglês Avançado","Coaching
Design Thinking
English
Adaptation

 
Employee Benefits

 
Grit

 
Physics

 
Planning

 
Rewards

 
Strategic Planning"
MOOVEN,AC,"Transformação Ágil para times Negócios 
Planejamento Facilitação Workshop Treinamentos 
Agente mudanças práticas dentro clientes 
Medição maturidade ágil dentro clientes 
Compreensão apoio na definição contrução OKRs 
Aplicação adaptação ferramentas ágeis para realidade do negócio (ex: Scrum Kanban OKR Design Thinking) 
Desenho fluxos trabalho (upstream downstream) times 
Desenvolvimento squads foco cliente 
Facilitação times quanto a práticas ágeis 
Gestão iniciativas atividades foco resultados 
Contribuição para redução solução impedimentos 
Uso dados estatísticos métricas para melhorar os fluxos trabalho melhorar a eficiência dos times 
Coaching & Mentoring do time agilistas 
Planejamento Estratégico Produtos Governança Ágil 
Imprescindível Inglês Avançado ","Coaching
Design Thinking
English
Adaptation

 
Employee Benefits

 
Grit

 
Physics

 
Planning

 
Rewards

 
Strategic Planning"
INMETRICS,AGILISTA,"Trabalha múltiplos times tribos para identificar gargalos sistêmicos determinar nível maturidade ágil desenvolvendo planos para melhorar processos aumentar produtividade dos times tribos capacitar pessoas etc 
Apoia times criação manutenção ferramentas ágeis refinamento melhores práticas 
Oferece treinamento avançado para Scrum Masters Product Owners Product Managers gestores etc 
Trabalha alta liderança times negócio outros stakeholders (incluindo áreas fora do desenvolvimento produtos/sistemas) para demonstrar valor garantir engajamento a agilidade 
Identifica trabalha para retirar obstáculos (incluindo obstáculos culturais) para escalar uso do ágil 
Auxilia na criação acompanhamento report métricas relacionadas a práticas ágeis 
Organiza participar eventos agilidade para stakeholders da organização contribui sites / plataformas comunicação sobre agilidade 
Engaja time recrutamento contribui para atratividade



Entendimento profundo dos processos metodologia desenvolvimento Ágil 
Orientado para a equipe apaixonado pelo desenvolvimento das habilidades capacidades dos outros 
Fortes habilidades comunicação 
Capacidade desenvolver relações trabalho produtivas uma grande variedade equipes líderes 
Capacidade trabalhar bem pessoas diferentes habilidades técnicas negócios 
Capacidade traduzir conceitos técnicos termos não técnicos 
Excelentes habilidades apresentação facilitação 
Conhecimento ferramentas gestão projetos ágeis ","Agile Project Management
Communication
Project Management
Analytical Skills

 
Operational Excellence

 
Presentation Skills

 
Project Management Software

 
Research Skills

 
Team Leadership

 
Working Model"
CARE PLUS,SM,"Atuar na área Tecnologia da Informação - TI promovendo a cultura ágil através da disseminação valores princípios práticas ágeis atuando como facilitador impulsionando a excelência operacional maximizando a entrega valor dos times 


Responsabilidades & Atividades


Garantir que os objetivos das sprints sejam cumpridos 
Entregar valores para as áreas negócio 
Atuar como facilitador na execução do Scrum práticas ágeis 
Remover obstáculos/impedimentos identificados por ele próprio pelos times relacionados a execução práticas ágeis 
Controlar registrar todos os ritos (eventos) da execução do Scrum 
Capacitar os times no Scrum demais práticas ágeis conforme necessidades 
Colaborar na melhoria dos processos desenvolvimento das atividades pertinentes ao squad 
Reportar problemas dificuldades ou impedimentos que afetam a execução dos processos ágeis 

Qualificações Treinamento & Experiência:


Experiência projetos desenvolvimento ou implantação sistemas 
Experiência como Scrum seja por certificação cursos e/ou vivência empresas anteriores 
Bons skills organização/planejamento 
Conhecimento metodologias ágeis/Kanban 
Capacidade para influenciar os squads ajudando a concretizar os projetos 
Entendimento negócio visão estratégica 
Diferencial já ter trabalho a ferramenta Microsoft Azure DevOps","Agile Methodologies
Kanban
Scrum
Strategic Vision
Azure DevOps Services

 
Courses

 
Microsoft Azure

 
Planning

 
Sprints

 
System Implementations"
PROVIDER IT,SM," Certificação Scrum Master Avaliação nível maturidade agilidade


Qualificação desejada:

- Conhecimento Waterfall agile coach Transformação digital OKRs Métricas Indicadores","Coaching
Jira
Agile & Waterfall Methodologies

 
Business Analysis

 
Financial Analysis

 
Manufacturing Process Improvement

 
Research Skills

 
Team Leadership

 
User Acceptance Testing

 
Waterfall Project Management"
ROCHE,SM,"As Scrum Master you play a key role in LATAM’s omnichannel customer engagement transformation to drive customer centricity create seamless customer experiences You will be enabling LATAM Affiliates in realizing the new LATAM omnichannel customer engagement model locally delivering personalized omnichannel strategies to customers to achieve the desired outcomes 

Your main responsibility will be to organize coordinate activities work packages using agile methodologies to help prioritizing tasks removing roadblocks sharing back knowledge across Affiliates the Network to ensure sustainable scalable execution of therapeutic area omnichannel strategies 

You will be directly reporting to the Program Manager who is leading the Program Management team support Affiliates Network teams on a project basis based on prioritized demand evolving needs 


Key Responsibilities

Help local teams organize their activities work packages in an agile way to achieve their local Omnichannel Strategy deliver on the envisioned outcomes through taking a ‘hands-on’ approach providing timely effective operational support
Provide support by prioritizing tasks agreeing on timelines removing impediments tracking progress as required help to manage risks dependencies in parallel
Enhance streamline local processes optimise the flow of work within the different areas of technical expertise (Channel Strategy Content Strategy Data & Analytics Strategy) to help execution ensure that the final outcome aligns with customer needs is delivered on time according to plan
Facilitate scrum events ceremonies such as stand up sprint planning sprint review retrospectives lead discussions decision-making processes
Introduce use various tools to facilitate workflow such as the program kanbans boards (e g Trello) facilitation tools (e g Miro)
Empower the Affiliate team to work in a self-organizing manner take ownership focus on value creation to develop deliver
Facilitate decision-making processes gaining consensus where necessary fostering an environment of open communication exchange of ideas overall help to create a harmonic productive work environment
Act as a subject matter expert coach to the team in Agile methodology tool usage decision-making process following the proper guidelines
Enable coach agile ways of working mindset practices ensure that the three pillars of scrum necessary for the empirical process approach are enacted: Transparency Inspection Adaptation
Create a culture of sharing feedback whereby best practices lessons learned synergies can be leveraged to drive continuous improvement of the ways of working around the omnichannel customer engagement model

What s in it for you?

This is a key role to enable Roche’s new omnichannel customer engagement vision which will provide you will opportunities to work with Senior LATAM stakeholders Global teams
You will have the opportunity to work directly with local teams enable them to operationalize successfully drive LATAM’s new omnichannel customer engagement model

Role Interfaces

As Scrum Master you will interact with the following:
Digital Customer Engagement & Insights - LATAM
Program Manager
Business Technology Partner
Omnichannel Strategists
CX Specialists
Channel Specialists
Data Stewards
Global
n/a
Other LATAM roles & functions
n/a

Experience & Qualifications
Education
Bachelor s degree (scientific digital economic or business degree) An advanced degree in Life sciences and/ or MBA is a plus

Professional Experience
5+ years of experience in a Project Manager or Scrum Master
Experience in digital-driven business transformation programs ideally with deployment experience in an international setting in the pharmaceutical/biotechnology industry
Excellent organizational skills the ability to work in an evolving landscape with high levels of ambiguity enabling diverse work package teams to reach a common goal
Outstanding project stakeholder management skills interpersonal organizational skills as well as the ability to handle multiple projects priorities stakeholders simultaneously
Strong bias for action initiative in driving the team forward including taking on administrative tasks as needed
Intellectual curiosity integrity with a passion to bring value- ing technology tools to the team
SCRUM Master certified familiarity with Agile/Waterfall methodologies tools (e g Trello Miro Boards) is essential
SAFe certification highly desirable

Languages
Fluent in English Spanish (oral & written) is essential

Skills & Competencies
Competencies
Visionary: You are passionate about the future communicate a higher purpose to Affiliate teams explaining the why the impact created across by driving personalized customer engagement campaigns
Architect: You build high performing lean-agile teams empower them to excel by encouraging them to make bold decisions
Catalyst: You have an entrepreneurial spirit providing solutions removing roadblocks to act quickly upon evolving omnichannel business customer needs
Coach: You motivate teams to foster lean-Agile ways of working mindset practices across the LATAM region help to champion develop digital excellence initiatives

In ition the following skills will make you successful in your position career development at Roche:
Collaborative Network Ways of Working
Coaching
Outcomes Based Planning
Systems Thinking
Customer Centricity
Culture Advocate
Omnichannel Strategy","Coaching
Scrum
Spanish
Stakeholder Management
Handle Multiple Projects

 
Retrospectives

 
Sprint Planning

 
Systems Thinking

 
Timelines

 
User Acceptance Testing"
PRIME IT,SM,"Atuar na condução projetos na área qualidade



Graduado ou cursando nível superior na área Tecnologia da Informação ou afins 

Qualificação imprescindível:

Certificação Scrum Master Avaliação nível maturidade agilidade

Qualificação desejada:

Conhecimento Waterfall agile coach Transformação digital OKRs Métricas Indicadores","Agile Project Management
Coaching
Digital Transformation
Information Technology
Scrum
Software Project Management
Agile & Waterfall Methodologies

 
Agility Training

 
User Acceptance Testing

 
Waterfall Project Management"
ED,SM,"Atuar como agente transformação disseminando os conceitos agilidade nos diversos níveis da organização aplicando conceitos técnicas 
Atuação nos times fornecendo ferramentas mentoria 
Disseminação práticas ligadas ao modelo Lean Agile através mentoring facilitação coaching 
Atuar na remoção barreiras organizacionais 
Integrar metodologias relacionadas dentro da organização 
Ser um agente mudanças na jornada Transformação Digital difundindo a cultura ágil entendendo respeitando ritmo da empresa 
Realizar Assessment ágil 
Realizar mentoria no dia a dia dos líderes equipes 
Auxiliar os times na evolução da maturidade dos serviços usando KMM (Kanban Maturity Model) como modelo 
Ajudar na construção métricas acompanhamento performance dos serviços 
Suportar a liderança na apresentação resultados 
Garantir que os processos decisões Governança Ágil sejam aplicados forma consistente 
Fornecer treinamento aos colaboradores sobre os processos métodos ágeis 



O que não pode faltar:

Seu fit cultural 

O que amplia suas chances:

Possuir sólido conhecimento práticas modernas gestão do fluxo experiência abordagens Lean/Agile como por exemplo XP Scrum Método Kanban etc 
Conhecimento experiência na construção análise métricas ágeis medindo resultados adaptando ações 
Habilidade para comunicar forma objetiva apresentar ideias (para grupos) 
Habilidade mentoria multiplicação conhecimento 
Necessária sólida experiência atuando como um agente mudanças Agilista diferentes áreas segmentos 
Experiência mentoria facilitação ensino 
Versatilidade para trabalhar colaborativamente forma autônoma um ambiente dinâmico que se move rápido está transformação 
Ótimo relacionamento interpessoal boa comunicação resiliência na condução das frentes trabalho 
Segurança para lidar C-level diretores 
","Coaching
Communication
Kanban
Analytical Skills

 
Finance

 
Interpersonal Relationships

 
Performance Appraisal

 
Performance Management

 
Relationship Building

 
Resiliency"
FCamara,SM,"Ser agente da transformação nos 4 domínios da agilidade (negócio cultural organizacional técnico)
Orientar facilitar squads para auto-organização melhoria contínua
Garantir que as informações das squads estejam sempre visíveis
Apoiar as squads na criação adaptação evolução do fluxo trabalho desde a concepção do produto até a entrega para cliente
Analisar a saúde do fluxo trabalho através das métricas eficiência gráficos orientar as squads a utilizá-las para tomada decisão conduzir experimentos para melhoria contínua
Utilizar ferramentas dinâmicas técnicas para facilitar soluções resolução problemas
Realizar coaching do papel do PO/PM 
Facilitar cerimônias utilizadas pelas squads
Gerenciar fluxo não pessoas



Experiência sólida como Agilista Agile Master Agile Coach ou papel responsabilidade similar
Pessoa que entenda propósito os valores da Agilidade assim como das práticas ferramentas
Boa comunicação comportamentos aderentes aos valores da cultura Dasa
Perfil pragmático focado no resultado questionador do status quo
Conhecer muito bem conceitos fluxo trabalho métricas 
Vai ser muito legal se você possuir certificação KSD e/ou KSI (Kanban Professional) ou conhecimento equivalente
E mais bacana ainda se conhecer sobre KMM (Kanban Maturity Model)
Diferencial conhecer as ferramentas Jira Confluence eazyBI","Coaching
Communication
Kanban
Problem Solving
Project Planning
Team Management
Agility Training


Business Analysis


Data Analysis


Team Leadership"
TRU,PM,"The Project Manager of Client Services will serve as a critical leader in successfully managing assigned client relationships through effective project management coordination execution Successful candidates must have the team leadership skills professional background in eDiscovery to manage multiple projects resources client relationships in a fast-paced environment 

Service delivery: End-to-end management of assigned eDiscovery matters serving as the primary service delivery point of contact with key client representatives 
Client satisfaction: Driving client satisfaction through maintaining: a responsive service frequent effective reporting efficient coordination of resources accurate timely deliverables a proactive enterprising approach to problem-solving 
Consulting: Provide expert advice on data collections processing review productions with an emphasis on advanced analytics technology-assisted reviews
Quality assurance: Meet client matter requirements with the highest possible quality accuracy by verifying communicating routinely with the client internal stakeholders
Collaboration: Work closely with clients internal partners on project intake design implementation processes 
Provide strategic tactical guidance to deliver best practice for Client Services cross-functional global operation teams
Organization: Establish maintain matter schedules timelines including defining protocols sequence dependencies work effort duration associated resource requirements 
Records management: Maintain up-to-date records for all allocated projects including matter-related documentation time entries
Continuous Improvement: Consistently identify improvement opportunities on internal processes procedures in a solution-oriented fashion

Proven track record a solid understanding of eDiscovery the litigation support space
Project management experience within a law firm corporate legal department or eDiscovery service providers
The ability to lead global client engagements across various time zones jurisdictions
Oral written communication skills which provide a strong confident leadership presence
Keen interest in technology with excellent problem-solving skills with the initiative to research craft creative technical solutions
Attention to detail strong organizational client-service orientation skills
Excellent client relationship skills including the ability to manage client expectations proactively recognize client needs adapt company capabilities to meet client requirements consistently ","Communication
Problem Solving
Quality Assurance
Client Requirements


Client Services


Customer Satisfaction


Manage client expectations


Service Delivery


Solution-oriented


Timelines"
TIMEWARE,SM,"Entender praticar Manifesto Ágil 
Conhecimento Gestão Projetos (Waterfall + Ágil) 
Experiência transformação digital Hands On 
Medição métricas (KPI OKR) desafios negócio cadeias valor alinhamento estratégico das iniciativas 
Condução simultânea vários projetos domínio da metodologia ágil (Scrum | Kanban) 
Experiência Jira Confluence

Vontade fazer acontecer: valorizamos quem tem vontade aprender se desenvolver correr atrás fazer a diferença 
Boa comunicação redação 
Pro atividade 
Ser antenado(a) as novidades do meio 
Ser movido(a) a desafios orientado(a) a resultados ","Confluence
Jira
Kanban
Objectives Key Results (OKRs)
Scrum
Waterfall Project Management
ArtPro


Key Performance Indicators"
DBC,SM,"Facilitar a condução do Framework Scrum (artefatos cerimônias entregas) 
Alinhar priorizar prazos Product Owner 
Conduzir a gestão do time frente aos desafios do desenvolvimento sendo líder servidor do processo 
Facilitar a gestão do Agile Board 
Remover impedimentos ajudar time na qualidade processos 
Propor apoiar na implementação melhorias 
Promover uso métricas gestão fluxo qualidade 
Construir apoiar na cultura agilidade 
Promover a qualidade entrega produtividade eficiência eficácia do time 
Propor planos melhoria contínua acompanhar sua evolução 
Ajudar áreas negócio Product Owner na construção requisitos ágeis gestão Backlog 
Certificação Professional Scrum Master (PSM e/ou CSM) 
Conhecimento gestão métricas indicadores 
Conhecimento OKRs gestão fluxo 
Conhecimento práticas desenvolvimento ágil 
Conhecimento práticas product discovery 
Conhecimento ferramentas - Azure Devops e/õu Jira 
Boas habilidades facilitação eventos cerimônias 
Capacidade trabalho equipe 
Pensamento analítico resolução problemas 
Negociação gestão conflítos 
Engajamento da equipe identificação competências individuais 
Somos a 5ª melhor empresa para trabalhar do Brasil a 4ª melhor empresa para trabalhar no Rio Grande do Sul segundo GPTW 2022 
Todas as nossas pessoas profissionais que estão alocadas clientes e/ou projetos são acompanhadas por Gestor da DBC também por Líder Smartsourcing 
98% das nossas operações atuam home office 
A DBC oferece incentivo a certificações universidade corporativa através acesso full ao Linkedin Learning concedido a 100% das pessoas colaboradoras 
Nosso time promove um ambiente seguro para todas as pessoas profissionais independente sua etnia crença religiosa orientação sexual identidade gênero deficiência idade etc 
Oportunidade presencial ","Agile Project Management
Cloud Computing
Kanban
Product Discovery
Scrum
Software Project Management
CSM


DBC


PSM


User Acceptance Testing"
NORDISK,GP,"Realizar a gestão definição objetivos prazos orçamentos recursos necessários para a conclusão bem-sucedida dos projetos 
Otimizar uso recursos necessários para projeto para minimizar custos maximizar a eficiência 
Garantir que todos os projetos estejam conformidade regulamentações Isso pode incluir requisitos Boas Práticas Fabricação (GMP) outras diretrizes específicas do setor 
Fornecer relatórios regulares aos stakeholders relevantes sobre status do projeto problemas encontrados ações corretivas tomadas outras informações relevantes 

Você possui Ensino Superior Completo Engenharias áreas correlatas 
Experiência sólida gerenciamento projetos preferencialmente projetos relacionados ao setor farmacêutico alimentício ou cosmético 
Conhecimento das regulamentações aplicáveis ao setor como GMP outras normas internacionais relevantes 
Inglês avançado (desejável fluente) 
Tem um perfil proativo skills para negociações boa comunicação organização bom relacionamento interpessoal capacidade gestão alto fluxo informações ","Communication
Interpersonal Relationships
Negotiation
Stakeholder Management
Budgeting


Corrective Actions


Information Flow


Interpersonal Communication


Relationship Building


cGMP practices"
TURNER,GP,"project governance processes systems to be utilized throughout project 
project planning including producing the detailed project execution plan 

Advise upon the procurement of resources 

Monitoring Control The Project By

Applying performance management techniques 
Managing the change control process 
Advise upon project finances 

Manage the flow of project information between the team the client through regular meetings written communications 

Prepare formal project progress other reports

Take a leading role in interfacing with the client other consultants at all project stages 

Experience with Industrial sector is a nice plus check our sectors below:

Corporate Office | Turner & Townsend (turnerandtownsend com)

Degree qualified in engineering or related areas with 4+ years of relevant experience in a project management environment 
Project Managers should be proactive self-starters with well-developed communication analytical skills 
PMI or other Project Management institution accreditation is a differential 
Fluent English
Advanced Spanish desirable
","Analytical Skills
Communication
English
Project Management
Project Planning
Finance


Performance Management


Procurement


Project Governance


Project Implementation"
GEEKHUNTER,AC,"Ter conhecimento processos desenvolvimento SW que suporte os times desenvolvimento negócio 
Conhecer disseminar suportar framework agilidade bem como contribui para evolução da forma como é aplicado no Santander 
Conhecer aplicar técnicas facilitação (Design Thinking Inception Scrum of Scrums PI Planning) junto aos times tribos que utilizam ou desejam utilizar frameworks ágeis na área tecnologias operações 
Realizar diagnóstico propõe melhorias na aplicação dos frameworks agilidade disseminando que foi aplicando para outras tribos
Treinar mentor times gestores 

Formação TI Engenharia da Computação Ciências da Computação ou áreas correlatas
• Conhecimentos sólidos na área Gestão Projetos e/ou Desenvolvimento Sistemas
• Experiência como Agile Coach por pelo menos 2 anos (usando frameworks escalados Scrum Kanban técnicas ágeis)
• Atuação como Scrum Master Agile Master e/ou Service Delivery Manager por pelo menos 4 anos
• Pelo menos uma das seguintes certificações: PSM I ou II PSPO I ou II (da Scrum org) Inglês básico (oral escrita leitura) 


• Experiência usando Jira aplicando JQLs
• Conhecimento utilização do Confluence para documentações
• Experiência na condução Coach Mentoring/Facilitação Capacitação
• Experiência na proposta soluções end-to-end Negócio TI
• Atuação Mercado Financeiro
• Experiência temas complementares (desejáveis): design thinking lean inception
• Desejável experiência gestão mudanças",-
GEEKHUNTER,SM,"Superior completo Análise Sistemas Ciência da Computação Sistemas Informação Engenharia Software ou afins 
Experiência comprovada como Scrum Master projetos ágeis empresas tecnologia 
Conhecimento SQL 
Conhecimento contagem pontos função (APF) 
Conhecimentos registro Bug´s elaborar casos uso/cenários Testes 
Conduzir mais um projeto ao mesmo tempo 
Habilidades facilitação liderança capaz guiar a equipe para auto-organização autogerenciamento 
Identificar resolver problemas antecipar riscos tomar decisões assertivas 
Disponibilidade para viagens 
Será diferencial:

Experiência projetos ou produtos integração sistemas diferentes (web services) 
Conhecimento DevOps CRM Dynamics 
Conhecimento do mercardo Energia 
Certificação Scrum Master (CSM) ",-
GEEKHUNTER,SM,"Experiência como Scrum Master preferencialmente instituições financeiras ou projetos relacionados 
Conhecimento aplicação dos princípios práticas ágeis como Scrum Kanban Lean entre outros 
Conhecimento técnicas estimativa planejamento acompanhamento projetos 
Habilidades comunicação facilitação resolução conflitos 
Certificações métodos ágeis [Certified ScrumMaster (CSM) ou Professional Scrum Master (PSM)]
Conhecimento ferramentas tecnologias usadas para suportar processo ágil como Jira Miro 

Vivência como Scrum Master preferencialmente instituições financeiras ou projetos relacionados 
Conhecimento práticas adicionais como OKRs (Objectives Key Results) MVP (Minimum Value Product) Product Discovery Inception PI Planning Design Sprint 
Familiaridade ágil escalado como Scaled Agile Framework (SAFe) 
Experiência instituições financeiras ou projetos relacionados ao setor financeiro 
Capacidade lidar ambientes complexos adaptar as práticas ágeis às necessidades específicas da instituição 

Conhecimentos que não são obrigatórios mas se tiver nosso match será ainda maior:


Uso métricas projetos ágeis (CFD Cycle Time Lead Time Throughput WIP) 
Habilidades coaching ágil ajudando a desenvolver competências ágeis nas equipes 
Conhecimento práticas melhoria contínua como Retrospectivas Análise Valor Ganho (Earned Value Analysis) 
Experiência facilitação workshops treinamentos relacionados à agilidade 
Atividades
Guardião das práticas ágeis gestão engenharia software aplicáveis ao time Scrum/Kanban para a correta entrega do software 
Foco Pessoas Resultados Pessoas felizes geram grandes Resultados 
Disseminar entendimento aplicação dos frameworks aplicáveis ao time visando aderência à teoria prática regras 
Promover que time seja funcional produtivo buscando os recursos (humanos técnicos) necessários 
Garantir a atualização da ferramenta gestão das atividades do time sob sua responsabilidade 
Garantir a execução excelência dos processos engenharia software pelos Desenvolvedores (Developers) 
Realizar garantir registro das horas trabalhadas na ferramenta gestão das atividades do respectivo time 
Facilitar a cooperação comunicação discussão tomada decisão resolução conflitos 
Executar os eventos/cadências ágeis conforme necessidades alinhadas as diretrizes corporativas 
Manter time focado impedindo que objetivo seja perdido que a meta estabelecida não seja atingida 
Medir acompanhar evoluir os Indicadores das entregas do time 
Atender apoiar Product Owner a Equipe de
Desenvolvimento para entregar valor para os clientes 
Fornecer orientação treinamento suporte à equipe quanto a Agilidade (valores práticas métodos) usando um estilo liderança servil liderando pelo exemplo 
Realizar a avaliação da maturidade do time acompanhar os planos ação 
Facilitar a eficácia melhoria contínua do processo que está sendo seguido pelo time 
Realizar alinhamento constante PO forma a garantir as entregas dos times qualidade ",-
GEEKHUNTER,GP," Strong verbal communication skills
• Agile execution experience
• Workday knowledge
Roles & Responsibilities:
• Responsible for planning execution of releases of Workday (incl weekly biannual (sept & march) 
• Collaborates with the business teams other work requestors on prioritization of requests 
• Maintains a work request pipeline for the Workday release team 
• Coordinates with HR COE allied areas on new functionality including features in bi-annual releases
• Responsible for testing activities prior to each release 
Nice to have skills:
• Facilitates formal AEP change request process in collaboration with IT for system enhancements 
• Oversee system fixes for bugs as part of release management
• Maintain detail work pipeline references provide regular reports to COEs IT Leadership as requested
• Serve as “Scrum Master” or “Dev Op” team lead for sprints in an agile style release delivery cycles
• Lead multiple release cycles simultaneously may also lead larger project efforts
• Advanced English ",-
BIP,AC,"Experiência anterior projetos ágeis nivel time escala além projetos Waterfall/híbridos 
Conhecimento Scrum Kanban Lean Inception SAFe 
Conhecimento experiência prática técnicas facilitação reuniões cerimônias ágeis 
Conhecimento experiência prática ferramentas gestão projetos (Jira Confluence Azure entre outras)
Conhecimento avançado experiência Scrum (Ritos cerimônias) Kanban métricas gestão projetos 
Experiência Lean Product Discovery Design Thinking Management 3 0 DevOps 
Prática facilitar workshops eventos gostar ensinar comunicar-se todos os níveis da empresa buscar atualização constante 
Capacidade entender atuar um momento transformação organizacional onde coexistem mais um modelo trabalho (Tradicional/Ágil) 
Influenciar gradativamente a troca conhecimento colaboração transparência almejando consolidar a mudança real no modelo trabalho dia-a-dia das pessoas
Engajar estimular a equipe foco alcançar os objetivos firmados PO 
Gerenciar métricas desenvolvimento software como lead time cycle time velocity burndown CFD promover a melhoria contínua
Apoiar PO para maximizar valor do trabalho realizado pelo time 
Apoiar PO time para criação itens backlog claros concisos 
Colaborar time para remoção impedimentos criar estratégia para solução dar visibilidade à gestão responsável 
Prover interface comunicação entre os times negócios times tecnologia 
Prover controle na cadência da entrega ponta a ponta desde upstream até dowstream 
Atuar como um facilitador gerar engajamento áreas parceiras 
Ajudar implementar consolidar as best practices do COE
Conhecer os diferentes times graus maturidade que já trabalham Agil ajudá-los no seu desenvolvimento entender os cenários sugerir acompanhar as melhorias 
Garantir a utilização modelos ágeis nos times tribos acompanhar auxiliar na evolução desenvolvimento destes times 
Treinar facilitar cerimônias ágeis para as tribos acordo a necessidade evolutiva dos mesmos 
Auxiliar dar coach para os times ajudando a minimizar as dificuldades que os times enfrentam no dia a dia da metodologia aplicada 
Acompanhar a maturidade dos times ágeis propor melhorias evoluções para os mesmos 
Avaliar os dashboards dos times propor melhorias evolutivas (experiência utilização boards no Jira/Azure)
Ter como experiências coaching mentoring times multidisciplinares na aplicação métodos ágeis práticas Kanban Scrum na aplicação técnicas facilitação dinâmicas 
Identificação preparação aplicação treinamentos workshops dojos sobre product discovery gestão produtos métodos kanban scrum OKRs JIRA Azure entre outros 
Engajamento das lideranças todos os níveis (tático estratégico) reportando a evolução das atividades junto aos times resolvendo impedimentos comunicando os pontos atenção 
Implementação métricas discovery delivery junto aos times bem como apoio na análise construção dashboards entendimento do time melhoria contínua 
Facilitar a gestão dependências
Colaborar os demais Agile Coaches seus pares na melhoria contínua no Centro Excelência Agile
REQUISITOS QUALIFICAÇÕES
Formação:

Superior completo: todos os cursos são bem-vindos!


Conhecimentos necessários:

Boa comunicação habilidade para lidar diferentes perfis profissionais 
Goste ambientes desafiadores dinâmicos 
Valorize trabalho equipe a troca experiências
Flexível para entender as demandas 
Relacionamento interpessoal resiliência influência 
Capacidade ouvir stakeholders elaborar estratégias 
Conhecimento metodologias ágeis OKRs 
Facilidade relacionamento disseminar metodologias práticas ágeis 
Implementação Jira ou Azure para gestão operacional dos times 
","PSMI
KSD
SAFe
Lean Inception
Management 3 0
OKR"
SODEXO,AC,"Formação acadêmica: Ciência da Computação Engenharia ou afim 
Idioma: Inglês – Fluente Espanhol – Desejável
 Experiência comprovada como Agile Coach ambientes organizacionais complexos 
 Forte conhecimento agilidade organizacional Agil escala 
Familiaridade a metodologia OKR (Objectives Key Results) experiência na sua implementação acompanhamento dos resultados 
Conhecimento técnicas planejamento priorização como a condução PI Planning trimestrais definição metas ambiciosas a estruturação iniciativas projetos para alcançar esses objetivos 
 Certificações ágeis reconhecidas como Professional Scrum Master ( PSM) Certified Scrum Professional (CSP) Kanban Maturity Model ( KMM ) Kanban Management Professional (KMP) Safe Agilist entre outras 
Domínio práticas técnicas ágeis como Scrum Kanban Lean SAFe entre outras 
Conhecimento sólido engenharia software práticas desenvolvimento ágil 
 Experiência facilitação workshops treinamentos reuniões colaborativas 
Habilidades excepcionais comunicação capacidade se adaptar a diferentes públicos contextos 
Capacidade comprovada liderança influência motivando equipes promovendo a adoção práticas ágeis 
Conhecimento Discovery Produtos ( Lean Inception PBB Design Thinking) 
Conhecimento métricas ágeis negócio habilidade para desenvolver interpretar dados informações relevantes Familiaridade ferramentas tecnologias relacionadas à agilidade como JIRA ",-
RCHL,AC,"Acompanhar capacitar mentorar treinar as lideranças negócio tech produtos

Atuar transitar tanto nível estratégico quanto tático operacional

Influenciar processo melhoria contínua das estruturas

Apoiar as lideranças no ciclo planejamento

Facilitar a gestão dependências acompanhamento do ciclo entregas

Colaborar os demais agile coaches líderes portfolio seus pares na melhoria contínua nosso Centro Excelência Agile

Apoiar desenvolvimento da cultura agile da companhia

REQUISITOS QUALIFICAÇÕES
É muito importante que você tenha e/ou saiba:

Profissional experiência liderança equipes usando métodos ágeis pensamento orientado à eficiência fluxo Responsável por acompanhar amadurecimento da cultura das práticas ágeis eficiência fluxo nos squads tribos Deve ser capaz oferecer mentoria acompanhamento treinamento para líderes técnicos ágeis produto no desenvolvimento das práticas ágeis eficiência fluxo assim como na cultura ágil liderança servidora Pensamento sistêmico tomada decisão baseada evidências (data-driven) Comunicação clara objetiva empática Comunicação não violenta  ",-
VW,AC,"Atuar como líder squads/times trabalho para projetos estratégicos da Companhia 
Ser embaixador da Transformação Ágil níveis estratégicos com: líderes organização estrutura cultura 
Disseminar a cultura melhoria contínua intraempreendedorimos agile mindset 
Guiar apoiar time a aplicar eficácia as práticas métodos frameworks ágeis atingir as expectativas dos stakeholders 
Definir as melhores referências para modelo ágil trabalho (framework boas práticas) 
Reportar avanço dos projetos atingimento dos objetivos (OKRs) para Board 
REQUISITOS QUALIFICAÇÕES
Superior Completo 
Certificação metodologias ágeis (Scrum Kanban Design Thinkign etc ) 
Inglês Fluente Obrigatório (item eliminatório) 
Experiência mentoria para os times para assim facilitar entendimento do processo que será seguido por todos 
Ter facilidade para realizar cerimônias/eventos time 
Experiência atuando camadas estratégicas táticas 
Possuir vivências anteriores projetos ágeis 
Experiência promover apoiar a formação das squads tribos comunidades desde a criação até sua independência 
Ser um agente mudanças suportando encorajando a transformação cultural da liderança da organização 
Experiência metodologias: design thinking OKR Lean Inception SCRUM Design Sprint ",-
TATA,AC,"Implementação de métodos ágeis em diferentes cenários

Ser um agente de changes provocando constantemente a evolução da cultura

Estimular o aprendizado de dinâmicas internas como workshops reuniões treinamentos

Facilitar cerimônias do Scrum e / ou Kanban (diário revisão retrospectivas planejamento reabastecimento e refinamentos)

Acompanhar os times com olhar de melhoria de processos do dia a dia além na comunicação com outros times do grupo

Análise motivacional da equipe resolução de conflitos informações de feedbacks

Atuação na remoção de impedimentos e remoção de POs Stakeholders e demais envolvidos

Levantamento e acompanhamento de métricas de desempenho do tempo

Garantir o melhor ambiente possível para as pessoas no projeto

Garantir que todas as necessidades de tecnologia (infra plataforma etc ) selecionadas mapeadas e que sejam providenciadas a tempo

Facilitar cerimônias do planejamento trimestral junto às equipes de tecnologia e negócio (planejamento de trimestre construção de OKRs revisão de estratégia entre outros) 

Requirements And Qualifications

Do que você precisa:

Ter como experiências coaching e mentoring de times multidisciplinares na aplicação de métodos ágeis com práticas Kanban Scrum e na aplicação de técnicas de facilitação e dinâmicas

Experiência em mediação de conflitos

Ter sólidos conhecimentos e experiência na área de desenvolvimento de software para debates com o tempo 

Conhecimentos que te destacam:

Management 3 0

Ecossistema Apple e Google

Product Discovery

Agilidade de Negócios

Flight Levels ","Analytical Skills
Business Agility
Communication
Conflict Management
Conflict Resolution
Kanban
Apple Products
Manufacturing Process Improvement
Performance Metrics
Planning"